0,1,Nc1ncc(C=Cc2ccc([N+](=O)[O-])o2)nn1
1,1,CCCCCC(CC=CCCC(=O)NCC(=CCl)C1=CCCC(C)C1=O)OC
2,1,Cc1noc(NS(=O)(=O)c2ccc(N)cc2)c1C
3,1,CCN(CC)C(C)=NN=Cc1c2c(O)c3c(O)c(C)c4c(c3c1O)C(=O)C(C)(OC=CC(OC)C(C)C(OC(C)=O)C(C)C(O)C(C)C(O)C(C)C=CC=C(C)C(=O)N2)O4
4,1,O=C1C(O)=C(c2ccc(O)cc2)C(=O)C(O)=C1c1ccc(O)cc1
5,1,C=CC1=C(C(=O)O)N2C(=O)C(NC(=O)C(=NO)c3csc(N)n3)C2SC1
6,1,CC(=O)Nc1ccc(S(N)(=O)=O)cc1
7,1,CC1(C)SC2C(NC(=O)Cc3ccccc3)C(=O)N2C1C(=O)O.CN(C)C1C(=O)C(C(N)=O)=C(O)C2(O)C(=O)C3=C(O)c4c(O)ccc(Cl)c4C(C)(O)C3CC12.Cc1cc(C)nc(NS(=O)(=O)c2ccc(N)cc2)n1
8,1,CC(C=CC(=O)C1=C(O)NCC1=O)=CC(C)C1OC2(C)OC(C(=O)C3OC32C)C1C
9,1,CC1OC1P(=O)([O-])[O-].O.[Ca+2]
10,1,CC1c2c[nH]c3cccc(c23)SC1C(=O)O
11,1,CC(C)=CCc1c(O)cc2oc(-c3ccc(O)cc3O)c(CC=C(C)C)c(=O)c2c1O
12,1,COC1=C(O)c2c(O)cc(C)c3c4c(c(O)c(c23)C1=O)C(C)(C)C(C)O4
13,1,COc1cc2c(oc(=O)c3cc(C)cc(OC)c32)c2c(C3OC(C)C(O)C(C)(O)C3O)ccc(O)c12
14,1,COn1cc(C(=O)O)c(=O)c2cc3c(cc21)OCO3
15,1,CC(N)C(=O)NC1C2CC(O)CC(O)=C2C(=O)OC1(C)CCl
16,1,CC1C(NC(=O)C(=NOC(C)(C)C(=O)[O-])c2csc(N)n2)C(=O)N1S(=O)(=O)[O-]
17,1,CC(C)CC1NC(=O)C2CSC(=N2)C(C(C)C)NC(=O)C(Cc2ccccc2)NC(=O)C(C(C)C)NC(=O)CNC(=O)CNC(=O)CNC(=O)C2CSC(=N2)C(CC(N)=O)NC(=O)C(Cc2ccc(O)cc2)NC(=O)C2CSC1=N2
18,1,CCCCCCCC(CC=CCCC(=O)N(C)CC(=CCl)CC(=CC(=O)N1CC(OC)=CC1=O)OC)OC
19,1,O=[N+]([O-])c1c(Cl)cccc1-c1c[nH]cc1Cl
20,1,COC1=C(O)c2c(O)cc(C)c3c4c(c(O)c(c23)C1=O)C(C)(C)C(C)O4
21,1,CCCNCC1(O)C(C)OC(OC2C(C)C(=O)OC(C(C)(O)C(O)CC)C(C)NCC(C)CC(C)(O)C(OC3OC(C)CC(N(C)C)C3O)C2C)CC1(C)OC.CCCNCC1(O)C(C)OC(OC2C(C)C(=O)OC(CC)C(C)(O)C(O)C(C)NCC(C)CC(C)(O)C(OC3OC(C)CC(N(C)C)C3O)C2C)CC1(C)OC
22,1,Oc1ccc(-c2ccc(O)cc2)cc1
23,1,CC(CCN(C)C(=N)N)C(N)C(=O)NC1C=CC(n2ccc(N)nc2=O)OC1C(=O)O
24,1,CCCCCCCC(CC=CCCC(=O)N(C)CC(=CCl)c1cccc(C)c1O)OC
25,1,CON=C(C(=O)NC1C(=O)N2C(C(=O)O)=C(C[n+]3ccc(N)n3CCO)CSC12)c1csc(N)n1.O=S(=O)([O-])O
26,1,CCC(C)CCCCC(=O)NC(CCN)C(=O)NC(C(=O)NC(CCN)C(=O)NC1CCNC(=O)C(C(C)O)NC(=O)C(CCN)NC(=O)C(CCN)NC(=O)C(CC(C)C)NC(=O)C(Cc2ccccc2)NC(=O)C(CCN)NC1=O)C(C)O
27,1,CS(=O)(=O)O.Cc1c(N2CC(N)C3(CC3)C2)c(F)c(N)c2c(=O)c(C(=O)O)cn(C3CC3)c12
28,1,CSCCC(NC=O)C(=O)NC(CCCNC(=N)N)C(=O)NC(C(=O)NCC(=O)NC(CC(N)=O)C(=O)NC(C)C(=O)NC(CC(=O)O)C(=O)NP(=O)(OCCCN)OCC1OC(n2cnc3c(N)ncnc32)C(O)C1O)C(C)O
29,1,CCCC=CC=CCC1CC=CC=C(C)C=CC=CC(O)C(O)C=C(C)C=CC=CC(=O)N1
30,1,NC(N)=NS(=O)(=O)c1ccc(N)cc1
31,1,CCC1C=CC=CCC(C)C(O)C(C)(O)C(=O)C(C)C(O)C(C)C(=O)C(C)C(O)C(C)C=CC(=O)OC2C(C)C(CC1)OC1(CCC(C)C(CC(C)O)O1)C2C
32,1,COc1cc2c(ccc3c(C)c(C)ccc32)cc1C(C)C
33,1,CC(C)=CCc1c(O)c(CC=C(C)C)c2c(c1O)C(=O)CC(c1ccc(O)cc1)O2
34,1,CC=CC=CC(=O)NC(CC(=O)NC(C(=O)C1C(=O)NC(=O)C1C)C(C)C)c1ccccc1
35,1,C=C(C(=O)O)C(CCCCCC(=O)OCC)C(=O)O
36,1,C=CC(C)(C)C12C=C(O)C(=O)N3C(=Cc4c[nH]cn4)C(=O)NC31N(O)c1ccccc12
37,1,CC(C)(ON=C(C(=O)NC1C(=O)N2C(C(=O)[O-])=C(C[n+]3ccccc3)CSC12)c1csc(N)n1)C(=O)O.O.O.O.O.O
38,1,CC1NCc2cc(-c3ccc4c(=O)c(C(=O)O)cn(C5CC5)c4c3OC(F)F)ccc21.CS(=O)(=O)O
39,1,C=C(NC(=O)C(NC(=O)C(Cc1cnc[nH]1)NC(=O)C(NC(=O)C(Cc1cnc[nH]1)NC(=O)C(NC(=O)C(CC(N)=O)NC(=O)C1CSCC(NC(=O)C(CCC(N)=O)NC(=O)C(NC(=O)C(Cc2cnc[nH]2)NC(=O)C2CSCCC(NC(=O)C(NC(=O)C3CSCCC(NC(=O)C4CSCC(NC(=O)C(=CC)NC(=O)C(N)Cc5ccccc5)C(=O)NC(Cc5cnc[nH]5)C(=O)NC(=C)C(=O)NC(CC(C)C)C(=O)N4)C(=O)N4CCCC4C(=O)NCC(=O)N3)C(C)CC)C(=O)NCC(=O)NC(C(C)C)C(=O)NC(CC(C)C)C(=O)NC(CCSC)C(=O)NCC(=O)N2)C(C)CC)C(=O)NC(C(C)CC)C(=O)NCC(=O)N1)C(C)C)C(C)CC)C(C)CC)C(=O)NC(CCCCN)C(=O)O
40,1,CCCC1OC1C(=O)NC(CO)C(=O)NC1C(=O)NC(Cc2c[nH]c3ccccc23)C(=O)NC(CC(=O)O)C(=O)NC(CC(=O)O)C(=O)NC(c2ccc(O)cc2)C(=O)NC(CC(=O)O)C(=O)NCC(=O)NC(C(O)C(N)=O)C(=O)NC(CCC(=O)O)C(=O)NC(=Cc2c[nH]c3ccccc23)C(=O)OC1C
41,1,O=C(O)c1cn(C2CC2)c2cc(N3CCC(O)(COc4ccc(N5CC(CO)OC5=O)cc4F)CC3)c(F)cc2c1=O
42,1,CSCCC(NC(=O)NC(Cc1cccc(O)c1)C(=O)O)C(=O)NC(C(=O)NC=C1CC(O)C(N2CCC(=O)NC2=O)O1)C(C)N(C)C(=O)C1Cc2cc(O)ccc2CN1
43,1,CC(C)CCCCCCCC=CCC(=O)NC(CC(=O)O)C(=O)NC1C(=O)N2CCCCC2C(=O)NC(C(C)C(=O)O)C(=O)NC(CC(=O)O)C(=O)NCC(=O)NC(CC(=O)O)C(=O)NCC(=O)NC(C(C)N)C(=O)NC(C(C)C)C(=O)N2CCCC2C(=O)NC1C
44,1,COC1=CC(=O)c2c(O)c3c(c(C)c2C1=O)CC1(O)C(OC2CCC(OC4CC(C)(O)C(OC(=O)c5c(C)ccc(C)c5O)C(C)O4)C(C)O2)C(=O)C(=C(C)O)C(=O)C1(O)C3=O
45,1,C=C(NC(=O)C(NC(=O)C(Cc1cnc[nH]1)NC(=O)C(NC(=O)C(Cc1cnc[nH]1)NC(=O)C(NC(=O)C(CC(N)=O)NC(=O)C1CSCC(NC(=O)C(CCC(N)=O)NC(=O)C(NC(=O)C(Cc2cnc[nH]2)NC(=O)C2CSCCC(NC(=O)C(NC(=O)C3CSCCC(NC(=O)C4CSCC(NC(=O)C(=CC)NC(=O)C(N)Cc5ccccc5)C(=O)NC(Cc5cnc[nH]5)C(=O)NC(=C)C(=O)NC(CC(C)C)C(=O)N4)C(=O)N4CCCC4C(=O)NCC(=O)N3)C(C)CC)C(=O)NCC(=O)NC(C(C)C)C(=O)NC(CC(C)C)C(=O)NC(CCSC)C(=O)NCC(=O)N2)C(C)CC)C(=O)NC(C(C)CC)C(=O)NCC(=O)N1)C(C)C)C(C)CC)C(C)CC)C(=O)NC(CCCCN)C(=O)O
46,1,CC=C(NC(=O)c1csc(-c2csc(-c3ccc4c(n3)-c3csc(n3)C(C(C)O)NC(=O)c3csc(n3)C(C(C)C)NC(=O)c3csc(n3)C(=CC)NC(=O)C(C(C)O)NC(=O)c3csc-4n3)n2)n1)C(=O)NCC(C)O
47,1,[Cl-].[Cl-].[NH3+]c1cc([As]=[As]c2ccc(O)c([NH3+])c2)ccc1O
48,1,NCC1OC(OC2C(N)CC(N)C(O)C2OC2OC(CO)C(O)C2O)C(N)C(O)C1O
49,1,Nc1ccc(S(=O)(=O)[N-]c2ncccn2)cc1.[Ag+]
50,1,CCC1OC(=O)C(C)C(OC2CC(C)(OC)C(O)C(C)O2)C(C)C(OC2OC(C)CC(N(C)C)C2OC(C)=O)C(C)(O)CC(C)C(=O)C(C)C(O)C1(C)O
51,1,COC(C(N)=O)C(NC(=O)c1ccc(NC(=O)c2ccc([N+](=O)[O-])cc2)cc1)C(=O)Nc1ccc(C(=O)Nc2ccc(C(=O)Nc3ccc(C(=O)O)cc3OC(C)C)c(O)c2OC(C)C)cc1
52,1,CC1COc2c(N3CCN(C)CC3)c(F)cc3c(=O)c(C(=O)O)cn1c23.CC1COc2c(N3CCN(C)CC3)c(F)cc3c(=O)c(C(=O)O)cn1c23.O
53,1,Cc1c(CO)[n+]([O-])c2ccccc2[n+]1[O-]
54,1,Cc1onc(-c2c(F)cccc2Cl)c1C(=O)NC1C(=O)N2C1SC(C)(C)C2C(=O)[O-].O.[Na+]
55,1,COC1C(O)CC(OC2CC(Oc3cc4cc5c(c(O)c4c(O)c3C)C(=O)C(OC3CC(OC4CC(OC6CC(C)(O)C(O)C(C)O6)C(O)C(C)O4)C(O)C(C)O3)C(C(OC)C(O)C(O)C(C)O)C5)OC(C)C2O)OC1C
56,1,CCCC(C)C(=O)OC1c2c(cc(O)c3c2C(=O)c2cccc(O)c2-3)C(=O)C2(C)OC12
57,1,CC1=CC2C(O)C(C)CCC2C2(C)C(=O)OC(C)CCCC=C(C(=O)O)C(O)C(C)C=CC=CC12
58,1,CON=C(C(=O)NC1C(=O)N2C(C(=O)[O-])=C(CSc3nc(=O)c([O-])nn3C)CSC12)c1csc(N)n1.CON=C(C(=O)NC1C(=O)N2C(C(=O)[O-])=C(CSc3nc(=O)c([O-])nn3C)CSC12)c1csc(N)n1.O.O.O.O.O.O.O.[Na+].[Na+].[Na+].[Na+]
59,1,Cn1c(N)c(NC(=O)NCCN)c[n+]1CC1=C(C(=O)[O-])N2C(=O)C(NC(=O)C(=NOC(C)(C)C(=O)O)c3nsc(N)n3)C2SC1
60,1,CCC1OC(=O)CC(O)C(C)C(OC2OC(C)C(O)C(N(C)C)C2O)C(CCN2CC(C)CC(C)C2)CC(C)C(=O)C=CC(C)=CC1COC1OC(C)C(O)C(OC)C1OC.O=P(O)(O)O
61,1,CCc1nc2ccc(Cl)cn2c1C(=O)NCc1ccc(N2CCC(c3ccc(OC(F)(F)F)cc3)CC2)cc1
62,1,CC1CN(c2cc3c(cc2F)c(=O)c(C(=O)O)cn3-c2ccc(F)cc2F)CCN1.Cl
63,1,CCn1cc(C(=O)O)c(=O)c2cc(F)c(N3CCN4CCC3CC4)cc21
64,1,O=c1cccc(S)c2soc(=O)c12
65,1,NC(=O)C1=C(O)CC2CC3Cc4cccc(O)c4C(=O)C3=C(O)C2(O)C1=O
66,1,CNC1C(O)C(OC2C(N)CC(N)C(OC3OC(CN)CCC3N)C2O)OCC1(C)O
67,1,CC(=O)OCC1=C(C(=O)O)N2C(=O)C(NC(=O)C(N)c3ccccc3)C2SC1
68,1,COC(=O)C1C(O)CC2(O)CC(O)CC(O)CC(O)CC(O)CC(=O)CC(O)CC(=O)OC(C(C)CCC(O)CC(=O)c3ccc(N)cc3)C(C)C=CC=CC=CC=CC=CC=CC=CC(OC3OC(C)C(O)C(N)C3O)CC1O2
69,1,Cc1c(CO)[n+]([O-])c2ccccc2[n+]1[O-]
70,1,CN(C)C1C(=O)C(C(N)=O)=C(O)C2(O)C(=O)C3=C([O-])c4c([O-])cccc4C(C)(O)C3C(O)C12.[Ca+2]
71,1,Nc1ccc(S(=O)(=O)c2ccc(NCC(=O)[O-])cc2)cc1.[Na+]
72,1,COC1=CC(=O)c2c(cc3c(c2O)C(=O)C2(OC4CCC(OC5CCC(O)C(C)O5)C(C)O4)C(=O)C(C(N)=O)=C(O)C(OC4CCC(OC5CCC(OC6CCC(OC7CCC(OC(=O)CC(=O)O)C(C)O7)C(C)O6)C(C)O5)C(C)O4)C2C3)C1=O
73,1,CON=C(C(=O)NC1C(=O)N(OCC(=O)OCC(=O)OC(C)(C)C)C1C)c1csc(N)n1
74,1,O=C(c1nc(-c2c[nH]c3cc(Br)ccc23)c[nH]1)c1c[nH]c2ccccc12
75,1,CON=C(C(=O)NC1C(=O)N2C(C(=O)[O-])=C(CSc3nc(C)c(CC(=O)[O-])s3)CSC12)c1csc(N)n1.[Na+].[Na+]
76,1,Nc1ccc(S(=O)(=O)Nc2ncccn2)cc1
77,1,CCC1OC(=O)CC(O)C(C)C(OC2OC(C)C(OC3CC(C)(O)C(O)C(C)O3)C(N(C)C)C2O)C(CC=O)CC(C)C(=O)C=CC(C)=CC1COC1OC(C)C(O)C(OC)C1OC.O=C(O)C(O)C(O)C(=O)O
78,1,CC1=CC(C)C(O)C(C)C(O)C(C)C(O)C(C)C(O)C(C)C=CC=CC(=O)NC2=C(C)C(=O)c3c(cc(C)c(O)c3C1=O)C2=O
79,1,COc1c(N2CC(F)C(CNC3CC3)C2)c(F)cc2c(=O)c(C(=O)O)cn(CCF)c12.Cl
80,1,CC1c2cccc(O)c2C(=O)C2=C(O)C3(O)C(=O)C(C(N)=O)=C(O)C(N(C)C)C3C(O)C21.O
81,1,CC(OS(=O)(=O)[O-])C1C(=O)N2C(C(=O)O)=C([S+]([O-])C=CNC(=O)[O-])CC12
82,1,Cl.Nc1ccc2cc3ccc(N)cc3nc2c1
83,2,Cc1oc2c(C)c3oc(=O)cc(C)c3cc2c1CN.Cl
84,2,CC(=O)Nc1cccc(CNC(=O)C2CCN(C(C)c3cccc4ccccc34)CC2)c1
85,2,C=C1CCC2C(C)(C(=O)O)CCCC2(C)C1CCC1=CCOC1=O
86,2,CN(C)CCOC(C)(c1ccccc1)c1ccc(Cl)cc1
87,2,COC(=O)NC(C(=O)N1CCCC1C(=O)Nc1ccc(C2CCC(c3ccc(NC(=O)C4CCCN4C(=O)C(NC(=O)OC)C(C)C)cc3)N2c2ccc(C(C)(C)C)cc2)cc1)C(C)C.COC(=O)NC(C(=O)N1CCCC1C(=O)Nc1ccc(C2CCC(c3ccc(NC(=O)C4CCCN4C(=O)C(NC(=O)OC)C(C)C)cc3)N2c2ccc(C(C)(C)C)cc2)cc1)C(C)C.O.O.O.O.O.O.O.O.O
88,2,C=CC(C)(C)c1c2c(c(O)c3c(=O)c4cccc(O)c4oc13)C=CC(C)(C)O2
89,2,CCc1cc(NCc2nc3c(Cl)ccc(Cl)c3o2)c(=O)[nH]c1C
90,2,Cn1c(O)c(N=NC(N)=S)c2ccccc21
91,2,CC(C)OC(=O)OCOP(=O)(COC(C)Cn1cnc2c(N)ncnc21)OCOC(=O)OC(C)C.Nc1nc(=O)n(C2CSC(CO)O2)cc1F.O=C(O)C=CC(=O)O.O=C1Nc2ccc(Cl)cc2C(C#CC2CC2)(C(F)(F)F)O1
92,2,CC(C)C(NC(=O)c1ccc2ccccc2n1)C(=O)NC(Cc1ccccc1)C(O)CN1CCC(OCc2ccncc2)CC1C(=O)NC(C)(C)C
93,2,CC(C)(COC(=O)c1ccc2c(c1)OCO2)CC1=C(O)C(=O)c2ccccc2C1=O
94,2,CN(C)CCCN1c2ccccc2CCc2ccc(Cl)cc21.Cl
95,2,C=CC(C)(C)c1[nH]c2ccccc2c1C1=C(O)C(=O)C(c2c(C(C)(C)C=C)[nH]c3ccccc23)=C(O)C1=O
96,2,O=c1[nH]c(=O)n(C2OC(CO)C(O)C2O)cc1C=CBr
97,2,CCCC(CCCCCCCc1cc(O)cc(O)c1C(=O)OC(CCC)CCCCCCCc1cc(O)cc(O)c1)OC(C)=O
98,2,CC(C)OC(=O)C(C)NP(=O)(COC(C)Cn1cnc2c(N)ncnc21)Oc1ccccc1.CC(C)OC(=O)C(C)NP(=O)(COC(C)Cn1cnc2c(N)ncnc21)Oc1ccccc1.O=C(O)C=CC(=O)O
99,2,COc1ccc2c3ccn(C)c(C)c-3nc2c1
100,2,COCC1CC(c2ncc(-c3ccc4c(c3)COc3cc5c(ccc6nc(C7CCC(C)N7C(=O)C(NC(=O)OC)C(C)C)[nH]c65)cc3-4)[nH]2)N(C(=O)C(NC(=O)OC)c2ccccc2)C1
101,2,O=C1Cc2c([nH]c3ccc([N+](=O)[O-])cc23)-c2ccccc2N1
102,2,CC(C)(C)C1NC(=O)OC2CCCC2OCC=CC(F)(F)c2nc3ccccc3nc2OC2CC(C(=O)NC3(C(=O)NS(=O)(=O)C4(C)CC4)CC3C(F)F)N(C2)C1=O.O
103,2,CCC(=Cc1sc2c3ccccc3ccc2[n+]1CC)C=C1Sc2cc(C)c(C)cc2N1CC
104,2,C=C1C(=O)OC2C=C(C)CCC=C(C)CCC12
105,2,CC1CCC(C(=O)N(c2cc(C#CC(C)(C)C)sc2C(=O)O)C2CCC(O)CC2)CC1
106,2,CC1CCC2C(C)C(OC(=O)CCC(=O)[O-])OC3OC4(C)CCC1C32OO4.[Na+]
107,2,CN(C)CCCN1c2ccccc2Sc2ccc(Cl)cc21
108,2,C=C(C)C1CCC2(NCCN3CCS(=O)(=O)CC3)CCC3(C)C(CCC4C5(C)CC=C(c6ccc(C(=O)O)cc6)C(C)(C)C5CCC43C)C12
109,2,O=C(C=Cc1cccs1)Nc1scc(-c2ccccc2)c1C(=O)O
110,2,Cc1nnc(C(=O)NC(C)(C)c2nc(C(=O)NCc3ccc(F)cc3)c(O)c(=O)n2C)o1
111,2,COC(C(O)CO)C1OC(C(=O)O)=CC(N=C(N)N)C1NC(C)=O
112,2,O=C1Nc2cccc(Br)c2C1=O
113,2,CC(C)(COC(=O)c1ccc2c(c1)OCO2)CC1=C(O)C(=O)c2ccccc2C1=O
114,2,O=C1CSC(c2c(Cl)cccc2Cl)N1Cc1ccco1
115,2,CC(Cn1cnc2c(N)ncnc21)OCP(=O)(O)O.O
116,2,CC(C)=CCC1=C(O)c2ccccc2C(=O)C1=O.[Na+]
117,0,O=C(C=Cc1ccc(Cl)cc1Cl)N1CCOCC1
118,0,CCC1OC(=O)C(C)=CC(C)C(OC2OC(C)CC(N(C)C)C2O)C(C)(OC)CC(C)C(=O)C(C)=CC1(C)O
119,0,C=CCn1c(=O)c(C2C(C(=O)OC(C)C)=C(N)N(NC(=O)c3ccncc3)C3=C2C(=O)CCC3)cc2cc(C)ccc21
120,0,COC(=O)Cc1cc(=O)oc2cc(OC3OC(C)C(OC)C(OC(=O)c4ccc(C)[nH]4)C3O)ccc12
121,0,CCC(C)C(=O)C(C)c1oc(=O)c(C)c(O)c1C
122,0,CCC1OC(=O)C(C)C2OC(C)(CC(C)CN(C(=O)Nc3ccc(Cl)cc3Cl)C(C)C(O)C1(C)O)C(OC1OC(C)CC(N(C)C)C1O)C2C
123,0,COc1cc(OC)c(C2COc3c(cc(C=CC(=O)c4cc(OC)c(OC)c(OC)c4)c4c3C=CC(C)(C)O4)C2)cc1C=CC(=O)c1cc(OC)c(OC)c(OC)c1
124,0,O=C1CSC(=NN=Cc2ccco2)N1Cc1ccc([N+](=O)[O-])cc1
125,0,CCCCCCCCOCC1OC(O)C(O)C(O)C1O
126,0,CC1(CO)CCCC2(C)C1CCC1(C)C2CC(O)C2(C)C3COC(=O)C3=CCC12
127,0,COC(=O)CCC=CC(O)CC=CC=CC=CC=CC=CC(O)C(C)CO
128,0,CCOP(=O)(OCC)C(Nc1ncccn1)c1ccc(F)cc1
129,0,CCCCCCCCCCCCCCCC(=O)NC(C)CN(CC(=O)NC(C)CN(CC(=O)NC(CCC(=O)O)CN(CC(=O)NC(CCC(=O)O)CN(CC(=O)NC(CCC(=O)O)CN(CC(N)=O)C(=O)CC(=O)O)C(=O)CC(=O)O)C(=O)CC(=O)O)C(C)=O)C(C)=O
130,0,O=[N+]([O-])c1cccc(C2C3=C(N=C4SC=C(c5ccc(Cl)cc5)N42)c2ccccc2SC3)c1
131,0,NCC1OC(OC2C(N)CC(N)C(O)C2O)C(N)C(OCc2ccc3ccccc3c2)C1O
132,0,CC(=O)OCC1OC(Oc2cc(O)c3c(=O)c(OC4OC(COC(C)=O)C(OC(C)=O)C(OC(C)=O)C4OC(C)=O)c(-c4ccc(O)c(O)c4)oc3c2)C(OC(C)=O)C(OC(C)=O)C1OC(C)=O
133,0,CC(c1ccc(N2CCN(c3ccccc3)CC2)cc1)N(O)C(=O)c1ccccc1-c1ccccc1C(=O)O
134,0,CC(=O)Nc1ccc(C(=O)C=Cc2ccc(C=O)cc2)cc1
135,0,CCOC(=O)C(C(=O)C(C)(C)C)=P(c1ccccc1)(c1ccccc1)c1ccccc1
136,0,Cc1cc(=O)oc2cc(Oc3nc(Nc4ccc(N=Cc5ccc([N+](=O)[O-])cc5)cc4)nc(N(C)C)n3)ccc12
137,0,CCOC(=O)c1ccc(NC(=O)c2cc3cc(Br)cc(Br)c3oc2=O)cc1
138,0,CC1(C)OC2OC3COB(c4cccc(N)c4)OC3C2O1
139,0,CCCCCCCCCCCC(=O)NC(CCCCN)CN(CC(N)=O)C(=O)CCCN
140,0,NC(=O)CC1NC(=O)C(N)C(O)c2ccc(c(Cl)c2)Oc2cc3cc(c2O)Oc2ccc(cc2)C(O)C2NC(=O)C(NC(=O)C3NC1=O)c1ccc(O)c(c1)-c1c(O)cc(O)cc1C(C(=O)O)NC2=O
141,0,CC(C)=CC(C(=O)O)C(C)=CCCC(C)=CCCC1(C)CCc2cc(O)cc(C)c2O1
142,0,COc1ccc(C(=O)CSc2nc(C)c(C)n2Nc2ccc(C)cc2)cc1OC
143,0,COc1ccc2[nH]c3c(c2c1)CCN=C3c1ccccc1
144,0,COc1cc(Cc2cnc(N)nc2N)cc(OC)c1OC.O=C(O)C1CCCCC1C(=O)O
145,0,Cc1nnsc1C(=O)NNC(=S)Nc1cccc(F)c1
146,0,Cc1c2c3ccccc3nc-2n(C)c2ccccc12
147,0,COc1cc(-n2cc(COc3cccc(-n4c(C)nc5ccccc5c4=O)c3)nn2)cc(OC)c1OC
148,0,COC(=O)c1ccc(CN2CCc3c(sc(NC(=O)c4cc(OCCNC(=O)C(F)(F)F)ccc4Cl)c3C#N)C2)cc1
149,0,Cc1ccc2nc(Cl)c(-c3c(C#N)c(N)nc(Sc4ccccc4)c3C#N)cc2c1
150,0,COc1ccc2nc(Oc3ccc(C)cc3)c(C3C(C#N)=C(N)OC4=C3C(=O)CC(C)(C)C4)cc2c1
151,0,CC(C=CC=CC(O)CC(O)CC1=C(C)C(=O)C(C)(O)N1CCO)=CC=CC(C)C(O)C(C)CCc1ccccc1
152,0,C=CCCCCCCCCC(=O)Oc1ccc2ccc(=O)oc2c1
153,0,O=C1c2cccnc2C(=O)c2c1c(C(=O)N1CCSCC1)c1ccc(Br)cn21
154,0,COc1ccc(C(=O)C=Cc2cc(C3COc4c(cc(C=CC(=O)c5ccc(OC)cc5)c5c4C=CC(C)(C)O5)C3)c(OC)cc2OC)cc1
155,0,CCC(C)Oc1ccc(F)c(C(N)=O)c1F
156,0,CCCCCCCCCCCC(=O)NC(CCCCN)CN(CC(N)=O)C(=O)CCCN
157,0,CC(=NNC(=O)c1nc(C(C)C)cs1)c1ccc(C)cc1
158,0,O=C1CSC(=NN=Cc2ccc3c(c2)OCO3)N1
159,0,CCC1OC(=O)C(C)C(=O)C(C)C(OC2OC(C)CC(N(C)C)C2O)C(C)(OC)CC(C)CN(C)C(C)C(O)C1(C)O
160,0,CCCCCCCCCCCCCCCC(=O)Nc1cc2c(cc1F)c(=O)c(C(=O)OCC)cn2CC
161,0,CCC1OC(=O)CC(O)C(C)C(OC2OC(C)C(O)C(N(C)C)C2O)C(CC=CC(=O)O)CC(C)C(=O)C=CC(C)=CC1COC1OC(C)C(O)C(OC)C1OC
162,0,CC1CCN(C(c2ccc(F)cc2)c2c(O)ccc3ccccc23)CC1
163,0,O=C1CSC(=NN=Cc2ccncc2)N1C(=O)c1ccccc1
164,0,Cc1cn(-c2c(C=O)c(C)nn2-c2ccccc2)cn1
165,0,O=C(Cc1ccccc1)NCC1=Cc2ccccc2OC1(O)C(F)(F)F
166,0,Cc1ccc2nc3c(cc2c1)C=NN=C(Nc1cccc(Cl)c1)S3
167,0,Cc1ccc(-c2nn(-c3ccccc3)cc2C2c3c(n(C)c(=O)n(C)c3=O)N=CN2c2cccc([N+](=O)[O-])c2)cc1
168,0,O=c1oc2ccccc2cc1-c1nnc(Sc2nc(Oc3cccc4cccnc34)nc(N3CCN(Cc4ccccc4)CC3)n2)o1
169,0,O=[N+]([O-])c1cccc(Nc2nc(NC(=S)N3N=C(c4ccccc4)CC3c3ccccc3[N+](=O)[O-])nc(Nc3cccc([N+](=O)[O-])c3)n2)c1
170,0,CCCCCCCCCCCCCCCCCC(=O)Nc1nnc(SC2OC(CO)C(O)C(O)C2O)s1
171,0,N#CCN(Cc1ccc(F)cc1F)c1ccccc1
172,0,CC(=O)NCC1CN(c2ccc(N3CCN(c4c(F)cc5c(=O)c(C(=O)O)cn6c5c4OCC6C)CC3)c(F)c2)C(=O)O1
173,0,Cc1nn(-c2ccc([N+](=O)[O-])cc2)c2c1C1c3c(ccc4c(C)cc(=O)oc34)OCC1CO2
174,0,O=C(O)COC(Cn1nnc(-c2ccccc2)n1)c1ccc(Cl)cc1
175,0,CC(=NNc1nc(-c2ccc(Cl)cc2Cl)cs1)C1CCCCC1
176,0,NC(=O)c1noc(-c2ccc(N3CCOCC3)c(F)c2)n1
177,0,S=c1n(CN2CCCCC2)nc(-c2ccccc2Cl)n1-c1ccc(Br)cc1
178,0,COc1ccc(-n2c(-c3cccc(Cl)c3)nn(CN3CCCC3)c2=S)cc1
179,0,N#Cc1ccc(Oc2nc3ccc(Cl)cc3cc2C=O)cc1
180,0,CC(=O)OCC(NC(=O)C(N)CC(C)C)P(=O)(O)O
181,0,CC(=O)NCC1CC(=O)N(c2ccc(C(C)=O)cc2)C1
182,0,CCC(O)C(C)(O)C1OC(=O)C(C)C(OC2CC(C)(OC)C(O)C(C)O2)C(C)C(OC2OC(C)CC(N(C)C)C2O)C2(C)CC(C)C(O2)C1C
183,0,COc1ccc(C(c2nnnn2C2CCCCC2)N2CCN(c3cc4c(cc3F)c(=O)c(C(=O)O)cn4Cc3ccc(C(F)(F)F)cc3)CC2)c(OC)c1OC
184,0,COc1ccc2c(c1)cc(-c1nc3cc(Br)ccc3[nH]1)c1nnnn12
185,0,C=C1CC(Cn2nc(C)c(=O)[nH]c2=O)(c2ccc(F)cc2)OC1=O
186,0,O=C1CC(O)C(O)C23OC12C1(Oc2cccc4cccc(c24)O1)C1OC1C3O
187,0,O=C(CCN1CCN(c2cc3c(cc2F)c(=O)c(C(=O)O)cn3C2CC2)CC1)OCC(CCCNC(=O)c1cccc(O)c1O)(CCCNC(=O)c1cccc(O)c1O)CCCNC(=O)c1cccc(O)c1O
188,0,NC1CC=C(CO)OC1OC1C(N)CC(N)C(O)C1OC1OC(CO)C(O)C1O
189,0,COc1cc2c(=O)c3ccccc3oc2c(O)c1OC
190,0,CC(C)=CCCC1=COC2=C(C)C(=O)C(=NNc3ccccc3)c3c(C)ccc1c32
191,0,CCOC(=O)c1cn(C2CC2)c2nc(NCc3cn(Cc4cnc(N)nc4N)nn3)c(F)cc2c1=O
192,0,O=C(Nc1nc(-c2ccc(Br)cc2)cs1)N1CCOCC1
193,0,O=C1CCSC(c2ccc(O)cc2)N1CCCCNc1ccnc2cc(Cl)ccc12
194,0,N#CC(C(=O)c1cc(F)c(Cl)nc1Cl)=P(c1ccccc1)(c1ccccc1)c1ccccc1
195,0,CCCCn1cc(CN(Cc2cn(CCCC)nn2)N2C(=O)c3cccc4c(Br)ccc(c34)C2=O)nn1.Cl.Cl
196,0,O=C(NCCSSCCNC(=O)C(Cc1ccc(Oc2cc(CC(=NO)C(=O)NCCSSCCNC(=O)C(Cc3ccc(O)c(Br)c3)=NO)cc(Br)c2O)c(Br)c1)=NO)C(Cc1ccc(O)c(Br)c1)=NO
197,0,CN1CCCN(C(=O)c2ccccc2SSc2ccccc2C(=O)N2CCCN(C)CC2)CC1
198,0,CCCCCc1ccc(-n2cc(CN(Cc3cn(-c4ccc(CCCCC)cc4)nn3)c3nc4ccccc4s3)nn2)cc1
199,0,CC(C)=NNC(=O)c1nc(C(C)C)cs1
200,0,CC(=O)NCC1CN(c2ccc(C=CC(=O)c3cccc(F)c3)cc2)C(=O)O1
201,0,CCc1cc(Nc2cc3c(ncn3CCCCOC)c(=O)[nH]2)ccc1C
202,0,CCC(C)C(NC(=O)CNC(C)=O)C(=O)NC(CC(C)C)C(=O)NC(CC(=O)O)C(=O)NC(C(=O)NC(CC(C)C)C(=O)NC(CCCCN)C(=O)NC(CCC(N)=O)C(=O)NC(Cc1ccccc1)C(=O)NC(C)C(=O)NC(CCCCN)C(=O)NCC(=O)NC(C(=O)NCC(=O)NC(CCCCN)C(=O)NC(Cc1c[nH]c2ccccc12)C(=O)NC(CC(C)C)C(=O)NC(C(=O)NC(CCCCN)C(=O)NCC(=O)NC(C)C(=O)NC(C)C(=O)NC(CCC(N)=O)C(N)=O)C(C)C)C(C)C)C(C)O
203,0,CN(CC(=O)O)NC(=O)CC(N)CC(O)CN1CCOCC1
204,0,CCCCCCCCn1c2ccc(C(=O)CCl)cc2c2cc(C(=O)CCl)ccc21
205,0,CCN(CC)Cn1nc(-c2ccccc2)n(-c2ccc(Br)cc2)c1=S
206,0,Br.CC(N)C(=O)NC(C)C(=O)NO
207,0,C=C(COC(=O)CCC(C)C)C1Cc2cc(C(C)=O)ccc2O1
208,0,CC(C)OC(=O)C(C(=O)C(C)(C)C)=P(c1ccccc1)(c1ccccc1)c1ccccc1
209,0,O=c1cc(CO)oc(C2C=C(c3cccc(O)c3)Oc3ccccc32)c1O
210,0,Cc1nn(-c2ccccc2)c(-n2ccnc2)c1-c1cc(-c2ccc(F)cc2)nc(N)c1C#N
211,0,CC(=O)N1N=C(c2nc(C(C)C)cs2)OC1c1ccc([N+](=O)[O-])cc1
212,0,COC1CCCCCCCCCC(C)OC(=O)CCC1=O
213,0,Oc1c2c(nn1-c1ccc(Cl)cc1)CC(c1ccccc1)S2
214,0,CC1=CCC(C(C)(C)O)CC1
215,0,Nc1nc(-c2ccc(Nc3cc(=O)oc4ccccc34)cc2)cc(-c2ccccc2Br)n1
216,0,COc1ccc(NN2C(N)=C(C#N)C(c3cc4ccccc4nc3Cl)C3=C2CC(C)(C)CC3=O)cc1
217,0,CN1Cc2csc3c(C(=O)O)c(=O)c4cc(F)c(N5CCC(N)C5)c1c4n23
218,0,CC(C)=CC(=O)C(O)C(C)=CCCC(C)=CCCC1(C)CCc2cc(O)cc(C)c2O1
219,0,O=C(NNC(=S)Nc1ccccc1Br)c1cc2ccccc2[nH]1
220,0,CCC(C(=O)NCCOCCOCCOC)C1CCC(C)C(C(C)C(O)C(C)C(=O)C(CC)C2OC3(C=CC(O)C4(CCC(C)(C5CCC(O)(CC)C(C)O5)O4)O3)C(C)CC2C)O1
221,0,CCC(C)C(NC(=O)C(N)CCCCN)C(=O)NC(CO)C(=O)NC(CCCCN)C(=O)NC(CCCNC(=N)N)C(=O)NC(C(=O)NC(CC(C)C)C(=O)NC(C(=O)NCC(=O)NC(CCCCN)C(=O)NC(CCCCN)C(=O)O)C(C)O)C(C)CC
222,0,COc1ccc(N2N=C(c3ccc(F)cc3)CC2c2c(C)nn(-c3ccccc3)c2Oc2cccc(F)c2)cc1
223,0,CC(C)Oc1ccc(F)c(C(N)=O)c1F
224,0,CC(=O)NCC1=Cc2cc(Br)ccc2OC1(O)C(F)(F)F
225,0,CCCCC(=O)NS(=O)(=O)c1ccccc1
226,0,COc1cc(C=CC(=O)NCCc2ccc(O)cc2)ccc1O
227,0,O=c1oc2ccccc2cc1C1=CSC2=NC3=C(CSc4ccccc43)C(c3cccc([N+](=O)[O-])c3)N12
228,3,Cc1cccc(C2CC(c3ccccc3)=NN2c2ccc(S(N)(=O)=O)cc2)c1
229,3,COc1ccccc1CCn1nnc2c1CCN(c1ccccc1)C2
230,3,Nc1nc2c(ncn2CCOC(COCc2ccccc2)CP(=O)(O)O)c(=O)[nH]1
231,3,Clc1c2ncccc2cc2nc(CBr)c(CBr)nc12
232,3,CN1C=C(N=Nc2ccc(Br)c(C(F)(F)F)c2)CCC1
233,3,CC(C)(C)c1ccc(-n2cc(-c3cn(C4CC(O)C(CO)O4)c(=O)[nH]c3=O)nn2)cc1
234,3,[O-][n+]1n[nH]c2c(Cl)c3ncccc3cc21
235,3,COC(=O)C1NC(=O)C2NC(=O)C(NC(=O)C3NC(=O)C4NC(=O)C(NC(=O)C(n5cc(COC6OC(CO)C(O)C(O)C6NC(C)=O)nn5)c5ccc(O)c(c5)Oc5cc4cc(O)c5C)C(O)c4ccc(cc4)Oc4cc3cc(c4O)Oc3ccc(cc3)C2O)c2ccc(O)c(c2)-c2c(O)cc(O)cc21
236,3,CCOC(=O)C1(Cc2ccc(F)cc2)CN(c2ccccc2)Cc2nnn(Cc3cccc(F)c3)c21
237,3,N#CCn1nnc2cc3cccnc3c(Cl)c21
238,3,COc1ccc(-c2nc3cc(C(C)=O)ccc3[nH]2)c(OC)c1OC
239,3,Fc1ccc(F)c(N=NNc2cccc(C(F)(F)F)c2)c1
240,3,Cc1ccc(N=NC=C2CCCN2C)cc1
241,3,CC(=O)c1ccc2c(c1)nc(-c1ccc(Cl)cc1)n2C1CCCCC1
242,3,CN1CCCC1=CN=Nc1ccc(Br)c(C(F)(F)F)c1
243,3,Nc1ccn(CC=CCCP(=O)(O)O)c(=O)n1
244,3,Nc1ccn(C2CC(CO)C(O)C2O)c(=O)n1
245,3,CC(NP(=O)(OCC(COP(=O)(NC(C)C(=O)OCc1ccccc1)Oc1cccc2ccccc12)SCn1cnc2c(=O)[nH]c(N=CN(C)C)nc21)Oc1cccc2ccccc12)C(=O)OCc1ccccc1
246,3,CC(=NNC(N)=S)c1ccc2[nH]c(-c3ccoc3)nc2c1
247,3,Nc1ccn(CC2COP(=O)(O)CO2)c(=O)n1
248,3,Nc1nc(CC(O)c2ccccc2C(F)(F)F)c(Br)c(=O)[nH]1
249,3,Nc1nc(F)c2ncn(C=C3CC3(CO)CO)c2n1
